block,sequence_in_block,item_number,source_question_id,page_start,page_end,correct_option,answered_correctly_percent,figures,review_status
1,1,1,869,1,8,D,63,3,pass
1,2,2,21426,9,12,D,56,0,pass
1,3,3,258,13,19,E,65,3,pass
1,4,4,1560,20,23,C,72,1,pass
1,5,5,18918,24,31,C,45,4,pass
1,6,6,299,32,39,A,58,3,pass
1,7,7,110,40,46,B,60,3,pass
1,8,8,1027,47,52,E,77,1,pass
1,9,9,1877,53,60,D,68,4,pass
1,10,10,1158,61,69,D,43,3,pass
1,11,11,1928,70,74,F,77,0,pass
1,12,12,18747,75,83,F,71,5,pass
1,13,13,1810,84,90,C,,3,pass
1,14,14,19886,91,96,D,69,1,pass
1,15,15,12225,97,102,D,53,2,pass
1,16,16,11908,103,107,C,71,1,pass
1,17,17,11885,108,115,C,73,4,pass
1,18,18,1992,116,121,D,64,1,pass
1,19,19,1008,122,129,F,71,3,pass
1,20,20,21642,130,138,A,52,3,pass
1,21,21,1632,139,144,C,70,2,pass
1,22,22,11765,145,153,A,75,5,pass
1,23,23,1809,154,162,E,72,4,pass
1,24,24,1109,163,175,B,59,5,pass
1,25,25,1549,176,183,D,61,3,pass
1,26,26,18930,184,189,E,77,1,pass
1,27,27,11652,190,199,D,38,5,pass
1,28,28,1057,200,211,B,64,7,pass
1,29,29,11901,212,218,B,61,3,pass
1,30,30,1739,219,225,F,84,3,pass
1,31,31,11929,226,230,E,83,1,pass
1,32,32,1957,231,238,C,48,4,pass
1,33,33,339,239,248,B,40,6,pass
1,34,34,1837,249,259,C,69,5,pass
1,35,35,19969,260,266,D,82,3,pass
1,36,36,11823,267,273,D,53,3,pass
1,37,37,20083,274,285,C,96,7,pass
1,38,38,11858,286,290,D,50,1,pass
1,39,39,1917,291,297,H,82,2,pass
1,40,40,18714,298,303,E,,1,pass
1,41,40,127,304,312,C,78,3,pass
2,1,1,1831,313,321,D,51,4,pass
2,2,2,15589,322,325,D,48,0,pass
2,3,3,879,326,331,A,74,1,pass
2,4,4,11890,332,339,C,48,5,pass
2,5,5,1986,340,345,D,82,2,pass
2,6,6,12298,346,349,E,79,0,pass
2,7,7,15546,350,359,E,88,5,pass
2,8,8,207,360,365,C,45,2,pass
2,9,9,8390,366,375,D,69,6,pass
2,10,10,20285,376,382,B,75,3,pass
2,11,11,577,383,388,C,57,1,pass
2,12,12,19189,389,395,E,72,3,pass
2,13,13,11888,396,402,D,57,2,pass
2,14,14,256,403,408,E,47,2,pass
2,15,15,1899,409,414,E,63,3,pass
2,16,16,21791,415,420,C,83,2,pass
2,17,17,888,421,425,F,49,1,pass
2,18,18,1056,426,431,E,55,3,pass
2,19,19,11920,432,437,A,64,2,pass
2,20,20,1830,438,444,A,41,3,pass
2,21,21,11802,445,451,F,68,3,pass
2,22,22,578,452,457,E,57,1,pass
2,23,23,20237,458,468,A,50,5,pass
2,24,24,1015,469,480,D,,7,pass
2,25,25,7489,481,485,C,83,1,pass
2,26,26,831,486,491,C,53,1,pass
2,27,27,18654,492,498,D,62,3,pass
2,28,28,20169,499,502,C,60,0,pass
2,29,29,15869,503,505,A,83,0,pass
2,30,30,1096,506,510,C,72,0,pass
2,31,31,1932,511,518,E,86,3,pass
2,32,32,2056,519,530,D,50,7,pass
2,33,33,18233,531,535,E,62,0,pass
2,34,34,1929,536,545,A,56,6,pass
2,35,35,333,546,554,A,67,4,pass
2,36,36,20084,555,562,B,41,4,pass
2,37,37,18919,563,569,C,78,3,pass
2,38,38,19970,570,577,C,64,3,pass
2,39,39,19641,578,590,E,59,8,pass
2,40,40,11781,591,595,D,48,1,pass
